{"HP":10,"cord":{"x":-7.470968723297119,"y":6.91756534576416,"z":0.0}}